source,market,keyword,signal_name,signal_type,product_name,brand,price,rank,url,signal_score,confidence,notes,observed_at,artifact_type,artifact_uri,created_by_tool
Google Trends,CH,Alpha Direct,Alpha Direct insulation material curiosity,search,,,,,https://trends.google.com/trends/explore?date=today%205-y&geo=CH&q=Alpha%20Direct,0.395,low,"12w mean=0.92, velocity=-87.2%, YoY=91.7%, peak_52w=86.0",2026-06-19,csv,trends_raw/Alpha_Direct__CH.csv,process_trends.py
Google Trends,US,Alpha Direct,Alpha Direct insulation material curiosity,search,,,,,https://trends.google.com/trends/explore?date=today%205-y&geo=US&q=Alpha%20Direct,0.395,low,"12w mean=71.25, velocity=36.6%, YoY=547.7%, peak_52w=100.0",2026-06-19,csv,trends_raw/Alpha_Direct__US.csv,process_trends.py
Google Trends,CH,Klettersteig,Via ferrata (Klettersteig) seasonal demand,search,,,,,https://trends.google.com/trends/explore?date=today%205-y&geo=CH&q=Klettersteig,0.749,high,"12w mean=28.25, velocity=346.1%, YoY=0.0%, peak_52w=80.0",2026-06-19,csv,trends_raw/Klettersteig__CH.csv,process_trends.py
Google Trends,US,Klettersteig,Via ferrata (Klettersteig) seasonal demand,search,,,,,https://trends.google.com/trends/explore?date=today%205-y&geo=US&q=Klettersteig,0.749,high,"12w mean=10.83, velocity=348.3%, YoY=35.4%, peak_52w=53.0",2026-06-19,csv,trends_raw/Klettersteig__US.csv,process_trends.py
Google Trends,CH,Skitour,Ski touring (Skitour) demand,search,,,,,https://trends.google.com/trends/explore?date=today%205-y&geo=CH&q=Skitour,0.492,high,"12w mean=11.92, velocity=-61.6%, YoY=-2.7%, peak_52w=45.0",2026-06-19,csv,trends_raw/Skitour__CH.csv,process_trends.py
Google Trends,US,Skitour,Ski touring (Skitour) demand,search,,,,,https://trends.google.com/trends/explore?date=today%205-y&geo=US&q=Skitour,0.492,high,"12w mean=0.67, velocity=66.7%, YoY=66.7%, peak_52w=54.0",2026-06-19,csv,trends_raw/Skitour__US.csv,process_trends.py
Google Trends,CH,Trailrunning,Trail running search momentum,search,,,,,https://trends.google.com/trends/explore?date=today%205-y&geo=CH&q=Trailrunning,0.88,high,"12w mean=57.83, velocity=112.2%, YoY=3.7%, peak_52w=100.0",2026-06-19,csv,trends_raw/Trailrunning__CH.csv,process_trends.py
Google Trends,US,Trailrunning,Trail running search momentum,search,,,,,https://trends.google.com/trends/explore?date=today%205-y&geo=US&q=Trailrunning,0.88,high,"12w mean=27.25, velocity=11.2%, YoY=124.0%, peak_52w=94.0",2026-06-19,csv,trends_raw/Trailrunning__US.csv,process_trends.py
Google Trends,CH,bikepacking,Bikepacking interest,search,,,,,https://trends.google.com/trends/explore?date=today%205-y&geo=CH&q=bikepacking,0.717,high,"12w mean=61.25, velocity=40.8%, YoY=2.2%, peak_52w=94.0",2026-06-19,csv,trends_raw/bikepacking__CH.csv,process_trends.py
Google Trends,US,bikepacking,Bikepacking interest,search,,,,,https://trends.google.com/trends/explore?date=today%205-y&geo=US&q=bikepacking,0.717,high,"12w mean=81.42, velocity=44.3%, YoY=34.0%, peak_52w=100.0",2026-06-19,csv,trends_raw/bikepacking__US.csv,process_trends.py
Google Trends,CH,recycled down,Recycled down sustainability interest,search,,,,,https://trends.google.com/trends/explore?date=today%205-y&geo=CH&q=recycled%20down,0.2,low,Regional breakdown: Zurich (100),2026-06-19,csv,trends_raw/recycled_down__CH.csv,process_trends.py
Google Trends,US,recycled down,Recycled down sustainability interest,search,,,,,https://trends.google.com/trends/explore?date=today%205-y&geo=US&q=recycled%20down,0.2,low,"12w mean=58.42, velocity=157.7%, YoY=390.2%, peak_52w=100.0",2026-06-19,csv,trends_raw/recycled_down__US.csv,process_trends.py
Google Trends,CH,ultralight sleeping bag,Ultralight sleeping bag demand,search,,,,,https://trends.google.com/trends/explore?date=today%205-y&geo=CH&q=ultralight%20sleeping%20bag,0.2,low,"Regional breakdown: Vaud (100), Zurich (100)",2026-06-19,csv,trends_raw/ultralight_sleeping_bag__CH.csv,process_trends.py
Google Trends,US,ultralight sleeping bag,Ultralight sleeping bag demand,search,,,,,https://trends.google.com/trends/explore?date=today%205-y&geo=US&q=ultralight%20sleeping%20bag,0.2,low,"12w mean=64.0, velocity=170.4%, YoY=140.8%, peak_52w=100.0",2026-06-19,csv,trends_raw/ultralight_sleeping_bag__US.csv,process_trends.py
Google Trends (google news),CH,Senderismo,Senderismo CH search interest (google news),search,,,,,https://trends.google.com/trends/explore?date=today%205-y&geo=CH&q=Senderismo,0.558,medium,"Monthly CH index, 3m avg=12, velocity=1166.7% via time_series_CH_google news.csv",2026-06-19,csv,trends_raw/time_series_CH_google news.csv,process_trends.py
Google Trends (google news),CH,Escalada,Escalada CH search interest (google news),search,,,,,https://trends.google.com/trends/explore?date=today%205-y&geo=CH&q=Escalada,0.503,medium,"Monthly CH index, 3m avg=1, velocity=66.7% via time_series_CH_google news.csv",2026-06-19,csv,trends_raw/time_series_CH_google news.csv,process_trends.py
Google Trends (google news),CH,Montañismo,Montañismo CH search interest (google news),search,,,,,https://trends.google.com/trends/explore?date=today%205-y&geo=CH&q=Montañismo,0.125,medium,"Monthly CH index, 3m avg=0, velocity=0.0% via time_series_CH_google news.csv",2026-06-19,csv,trends_raw/time_series_CH_google news.csv,process_trends.py
Google Trends (google news),CH,Vía ferrata,Vía ferrata CH search interest (google news),search,,,,,https://trends.google.com/trends/explore?date=today%205-y&geo=CH&q=Vía%20ferrata,0.125,medium,"Monthly CH index, 3m avg=0, velocity=0.0% via time_series_CH_google news.csv",2026-06-19,csv,trends_raw/time_series_CH_google news.csv,process_trends.py
Google Trends (google news),CH,Esquí,Esquí CH search interest (google news),search,,,,,https://trends.google.com/trends/explore?date=today%205-y&geo=CH&q=Esquí,0.335,medium,"Monthly CH index, 3m avg=0, velocity=33.3% via time_series_CH_google news.csv",2026-06-19,csv,trends_raw/time_series_CH_google news.csv,process_trends.py
Google Trends (google news),CH,Salud,Salud CH search interest (google news),search,,,,,https://trends.google.com/trends/explore?date=today%205-y&geo=CH&q=Salud,0.732,medium,"Monthly CH index, 3m avg=46, velocity=183.7% via time_series_CH_google news.csv",2026-06-19,csv,trends_raw/time_series_CH_google news.csv,process_trends.py
Google Trends (google news),CH,running,running CH search interest (google news),search,,,,,https://trends.google.com/trends/explore?date=today%205-y&geo=CH&q=running,0.577,medium,"Monthly CH index, 3m avg=15, velocity=1533.3% via time_series_CH_google news.csv",2026-06-19,csv,trends_raw/time_series_CH_google news.csv,process_trends.py
Google Trends (google news),CH,Ciclismo,Ciclismo CH search interest (google news),search,,,,,https://trends.google.com/trends/explore?date=today%205-y&geo=CH&q=Ciclismo,0.567,medium,"Monthly CH index, 3m avg=13, velocity=1333.3% via time_series_CH_google news.csv",2026-06-19,csv,trends_raw/time_series_CH_google news.csv,process_trends.py
Google Trends (google search),CH,Senderismo,Senderismo CH search interest (google search),search,,,,,https://trends.google.com/trends/explore?date=today%205-y&geo=CH&q=Senderismo,0.354,medium,"Monthly CH index, 3m avg=40, velocity=4.3% via time_series_CH_google searchs.csv",2026-06-19,csv,trends_raw/time_series_CH_google searchs.csv,process_trends.py
Google Trends (google search),CH,Escalada,Escalada CH search interest (google search),search,,,,,https://trends.google.com/trends/explore?date=today%205-y&geo=CH&q=Escalada,0.191,medium,"Monthly CH index, 3m avg=6, velocity=5.6% via time_series_CH_google searchs.csv",2026-06-19,csv,trends_raw/time_series_CH_google searchs.csv,process_trends.py
Google Trends (google search),CH,Montañismo,Montañismo CH search interest (google search),search,,,,,https://trends.google.com/trends/explore?date=today%205-y&geo=CH&q=Montañismo,0.13,medium,"Monthly CH index, 3m avg=1, velocity=0.0% via time_series_CH_google searchs.csv",2026-06-19,csv,trends_raw/time_series_CH_google searchs.csv,process_trends.py
Google Trends (google search),CH,Vía ferrata,Vía ferrata CH search interest (google search),search,,,,,https://trends.google.com/trends/explore?date=today%205-y&geo=CH&q=Vía%20ferrata,0.135,medium,"Monthly CH index, 3m avg=2, velocity=0.0% via time_series_CH_google searchs.csv",2026-06-19,csv,trends_raw/time_series_CH_google searchs.csv,process_trends.py
Google Trends (google search),CH,Esquí,Esquí CH search interest (google search),search,,,,,https://trends.google.com/trends/explore?date=today%205-y&geo=CH&q=Esquí,0.532,medium,"Monthly CH index, 3m avg=6, velocity=137.5% via time_series_CH_google searchs.csv",2026-06-19,csv,trends_raw/time_series_CH_google searchs.csv,process_trends.py
Google Trends (google search),CH,Salud,Salud CH search interest (google search),search,,,,,https://trends.google.com/trends/explore?date=today%205-y&geo=CH&q=Salud,0.633,medium,"Monthly CH index, 3m avg=39, velocity=50.0% via time_series_CH_google searchs.csv",2026-06-19,csv,trends_raw/time_series_CH_google searchs.csv,process_trends.py
Google Trends (google search),CH,running,running CH search interest (google search),search,,,,,https://trends.google.com/trends/explore?date=today%205-y&geo=CH&q=running,0.353,medium,"Monthly CH index, 3m avg=11, velocity=28.0% via time_series_CH_google searchs.csv",2026-06-19,csv,trends_raw/time_series_CH_google searchs.csv,process_trends.py
Google Trends (google search),CH,Ciclismo,Ciclismo CH search interest (google search),search,,,,,https://trends.google.com/trends/explore?date=today%205-y&geo=CH&q=Ciclismo,0.252,medium,"Monthly CH index, 3m avg=8, velocity=13.6% via time_series_CH_google searchs.csv",2026-06-19,csv,trends_raw/time_series_CH_google searchs.csv,process_trends.py
Google Trends (google shopping),CH,Senderismo,Senderismo CH search interest (google shopping),search,,,,,https://trends.google.com/trends/explore?date=today%205-y&geo=CH&q=Senderismo,0.673,medium,"Monthly CH index, 3m avg=35, velocity=60.0% via time_series_CH_google shopping.csv",2026-06-19,csv,trends_raw/time_series_CH_google shopping.csv,process_trends.py
Google Trends (google shopping),CH,Escalada,Escalada CH search interest (google shopping),search,,,,,https://trends.google.com/trends/explore?date=today%205-y&geo=CH&q=Escalada,0.241,medium,"Monthly CH index, 3m avg=5, velocity=14.3% via time_series_CH_google shopping.csv",2026-06-19,csv,trends_raw/time_series_CH_google shopping.csv,process_trends.py
Google Trends (google shopping),CH,Montañismo,Montañismo CH search interest (google shopping),search,,,,,https://trends.google.com/trends/explore?date=today%205-y&geo=CH&q=Montañismo,0.335,medium,"Monthly CH index, 3m avg=0, velocity=33.3% via time_series_CH_google shopping.csv",2026-06-19,csv,trends_raw/time_series_CH_google shopping.csv,process_trends.py
Google Trends (google shopping),CH,Vía ferrata,Vía ferrata CH search interest (google shopping),search,,,,,https://trends.google.com/trends/explore?date=today%205-y&geo=CH&q=Vía%20ferrata,0.503,medium,"Monthly CH index, 3m avg=1, velocity=66.7% via time_series_CH_google shopping.csv",2026-06-19,csv,trends_raw/time_series_CH_google shopping.csv,process_trends.py
Google Trends (google shopping),CH,Esquí,Esquí CH search interest (google shopping),search,,,,,https://trends.google.com/trends/explore?date=today%205-y&geo=CH&q=Esquí,0.335,medium,"Monthly CH index, 3m avg=0, velocity=33.3% via time_series_CH_google shopping.csv",2026-06-19,csv,trends_raw/time_series_CH_google shopping.csv,process_trends.py
Google Trends (google shopping),CH,Salud,Salud CH search interest (google shopping),search,,,,,https://trends.google.com/trends/explore?date=today%205-y&geo=CH&q=Salud,0.157,medium,"Monthly CH index, 3m avg=6, velocity=0.0% via time_series_CH_google shopping.csv",2026-06-19,csv,trends_raw/time_series_CH_google shopping.csv,process_trends.py
Google Trends (google shopping),CH,running,running CH search interest (google shopping),search,,,,,https://trends.google.com/trends/explore?date=today%205-y&geo=CH&q=running,0.788,medium,"Monthly CH index, 3m avg=60, velocity=58.4% via time_series_CH_google shopping.csv",2026-06-19,csv,trends_raw/time_series_CH_google shopping.csv,process_trends.py
Google Trends (google shopping),CH,Ciclismo,Ciclismo CH search interest (google shopping),search,,,,,https://trends.google.com/trends/explore?date=today%205-y&geo=CH&q=Ciclismo,0.553,medium,"Monthly CH index, 3m avg=11, velocity=88.2% via time_series_CH_google shopping.csv",2026-06-19,csv,trends_raw/time_series_CH_google shopping.csv,process_trends.py
Google Trends (google news),US,Senderismo,Senderismo US search interest (google news),search,,,,,https://trends.google.com/trends/explore?date=today%205-y&geo=US&q=Senderismo,0.34,medium,"Monthly US index, 3m avg=1, velocity=33.3% via time_series_US_google news.csv",2026-06-19,csv,trends_raw/time_series_US_google news.csv,process_trends.py
Google Trends (google news),US,Escalada,Escalada US search interest (google news),search,,,,,https://trends.google.com/trends/explore?date=today%205-y&geo=US&q=Escalada,0.125,medium,"Monthly US index, 3m avg=0, velocity=0.0% via time_series_US_google news.csv",2026-06-19,csv,trends_raw/time_series_US_google news.csv,process_trends.py
Google Trends (google news),US,Montañismo,Montañismo US search interest (google news),search,,,,,https://trends.google.com/trends/explore?date=today%205-y&geo=US&q=Montañismo,0.125,medium,"Monthly US index, 3m avg=0, velocity=0.0% via time_series_US_google news.csv",2026-06-19,csv,trends_raw/time_series_US_google news.csv,process_trends.py
Google Trends (google news),US,Vía ferrata,Vía ferrata US search interest (google news),search,,,,,https://trends.google.com/trends/explore?date=today%205-y&geo=US&q=Vía%20ferrata,0.125,medium,"Monthly US index, 3m avg=0, velocity=0.0% via time_series_US_google news.csv",2026-06-19,csv,trends_raw/time_series_US_google news.csv,process_trends.py
Google Trends (google news),US,Esquí,Esquí US search interest (google news),search,,,,,https://trends.google.com/trends/explore?date=today%205-y&geo=US&q=Esquí,0.125,medium,"Monthly US index, 3m avg=0, velocity=0.0% via time_series_US_google news.csv",2026-06-19,csv,trends_raw/time_series_US_google news.csv,process_trends.py
Google Trends (google news),US,Salud,Salud US search interest (google news),search,,,,,https://trends.google.com/trends/explore?date=today%205-y&geo=US&q=Salud,0.653,medium,"Monthly US index, 3m avg=31, velocity=87.8% via time_series_US_google news.csv",2026-06-19,csv,trends_raw/time_series_US_google news.csv,process_trends.py
Google Trends (google news),US,running,running US search interest (google news),search,,,,,https://trends.google.com/trends/explore?date=today%205-y&geo=US&q=running,0.522,medium,"Monthly US index, 3m avg=4, velocity=116.7% via time_series_US_google news.csv",2026-06-19,csv,trends_raw/time_series_US_google news.csv,process_trends.py
Google Trends (google news),US,Ciclismo,Ciclismo US search interest (google news),search,,,,,https://trends.google.com/trends/explore?date=today%205-y&geo=US&q=Ciclismo,0.503,medium,"Monthly US index, 3m avg=1, velocity=66.7% via time_series_US_google news.csv",2026-06-19,csv,trends_raw/time_series_US_google news.csv,process_trends.py
Google Trends (google search),US,Senderismo,Senderismo US search interest (google search),search,,,,,https://trends.google.com/trends/explore?date=today%205-y&geo=US&q=Senderismo,0.388,medium,"Monthly US index, 3m avg=12, velocity=32.1% via time_series_US_google searchs.csv",2026-06-19,csv,trends_raw/time_series_US_google searchs.csv,process_trends.py
Google Trends (google search),US,Escalada,Escalada US search interest (google search),search,,,,,https://trends.google.com/trends/explore?date=today%205-y&geo=US&q=Escalada,0.211,medium,"Monthly US index, 3m avg=3, velocity=11.1% via time_series_US_google searchs.csv",2026-06-19,csv,trends_raw/time_series_US_google searchs.csv,process_trends.py
Google Trends (google search),US,Montañismo,Montañismo US search interest (google search),search,,,,,https://trends.google.com/trends/explore?date=today%205-y&geo=US&q=Montañismo,0.125,medium,"Monthly US index, 3m avg=0, velocity=0.0% via time_series_US_google searchs.csv",2026-06-19,csv,trends_raw/time_series_US_google searchs.csv,process_trends.py
Google Trends (google search),US,Vía ferrata,Vía ferrata US search interest (google search),search,,,,,https://trends.google.com/trends/explore?date=today%205-y&geo=US&q=Vía%20ferrata,0.125,medium,"Monthly US index, 3m avg=0, velocity=0.0% via time_series_US_google searchs.csv",2026-06-19,csv,trends_raw/time_series_US_google searchs.csv,process_trends.py
Google Trends (google search),US,Esquí,Esquí US search interest (google search),search,,,,,https://trends.google.com/trends/explore?date=today%205-y&geo=US&q=Esquí,0.13,medium,"Monthly US index, 3m avg=1, velocity=0.0% via time_series_US_google searchs.csv",2026-06-19,csv,trends_raw/time_series_US_google searchs.csv,process_trends.py
Google Trends (google search),US,Salud,Salud US search interest (google search),search,,,,,https://trends.google.com/trends/explore?date=today%205-y&geo=US&q=Salud,0.741,medium,"Monthly US index, 3m avg=86, velocity=29.5% via time_series_US_google searchs.csv",2026-06-19,csv,trends_raw/time_series_US_google searchs.csv,process_trends.py
Google Trends (google search),US,running,running US search interest (google search),search,,,,,https://trends.google.com/trends/explore?date=today%205-y&geo=US&q=running,0.685,medium,"Monthly US index, 3m avg=37, velocity=82.0% via time_series_US_google searchs.csv",2026-06-19,csv,trends_raw/time_series_US_google searchs.csv,process_trends.py
Google Trends (google search),US,Ciclismo,Ciclismo US search interest (google search),search,,,,,https://trends.google.com/trends/explore?date=today%205-y&geo=US&q=Ciclismo,0.334,medium,"Monthly US index, 3m avg=4, velocity=30.0% via time_series_US_google searchs.csv",2026-06-19,csv,trends_raw/time_series_US_google searchs.csv,process_trends.py
Google Trends (google shopping),US,Senderismo,Senderismo US search interest (google shopping),search,,,,,https://trends.google.com/trends/explore?date=today%205-y&geo=US&q=Senderismo,0.555,medium,"Monthly US index, 3m avg=11, velocity=371.4% via time_series_US_google shopping.csv",2026-06-19,csv,trends_raw/time_series_US_google shopping.csv,process_trends.py
Google Trends (google shopping),US,Escalada,Escalada US search interest (google shopping),search,,,,,https://trends.google.com/trends/explore?date=today%205-y&geo=US&q=Escalada,0.51,medium,"Monthly US index, 3m avg=2, velocity=133.3% via time_series_US_google shopping.csv",2026-06-19,csv,trends_raw/time_series_US_google shopping.csv,process_trends.py
Google Trends (google shopping),US,Montañismo,Montañismo US search interest (google shopping),search,,,,,https://trends.google.com/trends/explore?date=today%205-y&geo=US&q=Montañismo,0.125,medium,"Monthly US index, 3m avg=0, velocity=0.0% via time_series_US_google shopping.csv",2026-06-19,csv,trends_raw/time_series_US_google shopping.csv,process_trends.py
Google Trends (google shopping),US,Vía ferrata,Vía ferrata US search interest (google shopping),search,,,,,https://trends.google.com/trends/explore?date=today%205-y&geo=US&q=Vía%20ferrata,0.125,medium,"Monthly US index, 3m avg=0, velocity=0.0% via time_series_US_google shopping.csv",2026-06-19,csv,trends_raw/time_series_US_google shopping.csv,process_trends.py
Google Trends (google shopping),US,Esquí,Esquí US search interest (google shopping),search,,,,,https://trends.google.com/trends/explore?date=today%205-y&geo=US&q=Esquí,0.125,medium,"Monthly US index, 3m avg=0, velocity=0.0% via time_series_US_google shopping.csv",2026-06-19,csv,trends_raw/time_series_US_google shopping.csv,process_trends.py
Google Trends (google shopping),US,Salud,Salud US search interest (google shopping),search,,,,,https://trends.google.com/trends/explore?date=today%205-y&geo=US&q=Salud,0.585,medium,"Monthly US index, 3m avg=17, velocity=537.5% via time_series_US_google shopping.csv",2026-06-19,csv,trends_raw/time_series_US_google shopping.csv,process_trends.py
Google Trends (google shopping),US,running,running US search interest (google shopping),search,,,,,https://trends.google.com/trends/explore?date=today%205-y&geo=US&q=running,0.903,medium,"Monthly US index, 3m avg=81, velocity=1412.5% via time_series_US_google shopping.csv",2026-06-19,csv,trends_raw/time_series_US_google shopping.csv,process_trends.py
Google Trends (google shopping),US,Ciclismo,Ciclismo US search interest (google shopping),search,,,,,https://trends.google.com/trends/explore?date=today%205-y&geo=US&q=Ciclismo,0.517,medium,"Monthly US index, 3m avg=3, velocity=266.7% via time_series_US_google shopping.csv",2026-06-19,csv,trends_raw/time_series_US_google shopping.csv,process_trends.py
YouTube,CH,Trail Running in the Alps,Trail Running in the Alps,social,Trail & Running Footwear,,,,,0.88,high,Strong & Growing. Surging video content across DACH channels; buyer at Bergfreunde confirms trail/running footwear is top growth category; On / Salomon / Hoka dominate reviews. Timing: Immediate. Action: Deepen trail shoe assortment now — especially multifunctional lightweight models,2026-06-19,csv,trends_raw/swiss_outdoor_trends.csv,process_trends.py
YouTube,CH,Via Ferrata,Via Ferrata,social,"Helmets, Harnesses, Via Ferrata Kits",,,,,0.72,medium,Growing. Record participation growth in CH/AT/FR/IT in 2026; tutorial and gear explainer videos proliferating; gateway activity with low barrier to entry. Timing: 6–12 months. Action: Build complete via ferrata starter kit offering — clear assortment gap,2026-06-19,csv,trends_raw/swiss_outdoor_trends.csv,process_trends.py
YouTube,CH,Packrafting,Packrafting,social,Packrafts / Dry Bags / Paddles,,,,,0.72,medium,Weak to Growing. Swiss packrafting tours being logged on Komoot; YouTube trip content feeding curiosity; very few Swiss retailers stock meaningfully. Timing: 12–18 months. Action: Watch closely — pilot with 2–3 SKUs,2026-06-19,csv,trends_raw/swiss_outdoor_trends.csv,process_trends.py
YouTube,CH,Ultralight Backpacking,Ultralight Backpacking,social,"Ultralight Tents, Packs, Sleeping Systems",,,,,0.72,medium,Growing. Sub-kilogram base weight content gaining traction in German-language outdoor YouTube; steepest expansion trajectory on trail infrastructure. Timing: 6–12 months. Action: Expand ultralight range across tents / packs / sleeping systems,2026-06-19,csv,trends_raw/swiss_outdoor_trends.csv,process_trends.py
TikTok,CH,Gorpcore → Quiet Outdoors Evolution,Gorpcore → Quiet Outdoors Evolution,social,"Technical Outerwear, Trail Shoes (lifestyle)",,,,,0.88,high,Strong (maturing). 1.2B+ TikTok views on #Gorpcore; evolving in 2026 into Quiet Outdoors — muted technical gear usable from trail to office. Timing: Immediate. Action: Stock Salomon / Arc'teryx as lifestyle picks not just performance; merchandising matters,2026-06-19,csv,trends_raw/swiss_outdoor_trends.csv,process_trends.py
TikTok,CH,Arc'teryx & Salomon as Fashion Objects,Arc'teryx & Salomon as Fashion Objects,social,"Arc'teryx Shells, Salomon XT-6",,,,,0.88,high,Strong. Celebrities (Hadid / Jenner) spotted in Gore-Tex shells and Arc'teryx daily; Salomon XT-6 explicitly a fashion item on social. Timing: Immediate. Action: Lifestyle merchandising and storytelling — position as fashion alongside performance,2026-06-19,csv,trends_raw/swiss_outdoor_trends.csv,process_trends.py
TikTok,CH,Swiss Alps as TikTok Travel Backdrop,Swiss Alps as TikTok Travel Backdrop,social,Swiss Trail & Hiking Gear,,,,,0.72,medium,Growing. Lauterbrunnen / Grindelwald / Eiger viral via Wimmaweh trend; international audiences pulled toward Swiss alpine content. Timing: Immediate. Action: Lean into Swiss trail identity in product storytelling and visual merchandising,2026-06-19,csv,trends_raw/swiss_outdoor_trends.csv,process_trends.py
TikTok,CH,Post-Gorpcore Natural Aesthetic,Post-Gorpcore Natural Aesthetic,social,"Merino / Natural Fiber Apparel, Minimalist Footwear",,,,,0.45,low,Weak Signal. TikTok creators declaring gorpcore dead; signals pointing toward Japanese-influenced minimalist mountain wear and natural fiber tech gear. Timing: 12–18 months. Action: Pilot lifestyle merchandising of natural-fiber-forward assortment — window forming now,2026-06-19,csv,trends_raw/swiss_outdoor_trends.csv,process_trends.py
Market Reports,CH,Trail & Running Footwear,Trail & Running Footwear,web,Trail & Running Footwear,,,,,0.88,high,Market Proof. Running +21% / Bike +20% / Sports Style +16% at retail POS (ISPO 2025 buyer data); outdoor category +12% overall. Timing: Immediate. Action: Win this category before mass retailers close the gap,2026-06-19,csv,trends_raw/swiss_outdoor_trends.csv,process_trends.py
Market Reports,CH,Merino Wool & Natural Fibers,Merino Wool & Natural Fibers,web,"Merino Base Layers, Organic Cotton Mid-layers",,,,,0.72,medium,Early Adoption. Consumers actively researching merino base layers; Swiss brands (Mover) producing plastic-free natural fiber outdoor apparel. Timing: 6–12 months. Action: Build curated natural fiber base layer story — demand ahead of shelf depth,2026-06-19,csv,trends_raw/swiss_outdoor_trends.csv,process_trends.py
Market Reports,CH,Water Sports & Backpacking Equipment,Water Sports & Backpacking Equipment,web,"Packrafts, Backpacks, Dry Bags, Repair Kits",,,,,0.72,medium,Growing. 2026 OIA report identifies water sports / backpacking / gear maintenance as pockets of growth in otherwise declining equipment category. Timing: 6–12 months. Action: Prioritize these sub-categories in buying — outperforming the broader equipment market,2026-06-19,csv,trends_raw/swiss_outdoor_trends.csv,process_trends.py
Market Reports,CH,Swiss Outdoor Market Growth,Swiss Outdoor Market Growth,web,All Categories,,,,,0.45,low,Structural. Swiss outdoor equipment market growing at 5.82% CAGR to $243M by 2028; premium positioning and specialist knowledge are key differentiators. Timing: Ongoing. Action: Maintain premium specialty positioning — mass assortment is not the winning play,2026-06-19,csv,trends_raw/swiss_outdoor_trends.csv,process_trends.py
Agent Synthesis,CH,Trail Running Footwear,Trail Running Footwear (multifunctional),web,Trail & Running Footwear,,,,,0.88,high,Market Proof. Confirmed across all 3 agents — YouTube video surge + social lifestyle signal + hard retail sales data. Timing: Immediate. Action: Stock deep now across multifunctional trail/road hybrid models,2026-06-19,csv,trends_raw/swiss_outdoor_trends.csv,process_trends.py
Agent Synthesis,CH,Via Ferrata Starter Kits,Via Ferrata Starter Kits,web,"Harness, Helmet, Via Ferrata Kit (e.g. Petzl)",,,,,0.72,medium,Early Adoption. YouTube tutorial growth + alpine tourism record numbers + clear assortment gap at Swiss retailers. Timing: 6–12 months. Action: Build complete accessible kit — first mover advantage available,2026-06-19,csv,trends_raw/swiss_outdoor_trends.csv,process_trends.py
Agent Synthesis,CH,Merino / Natural Fiber Base Layers,Merino / Natural Fiber Base Layers,web,"Merino Base Layers, Wool Mid-layers",,,,,0.72,medium,Growing Signal. Consumer research behavior confirmed in market data + post-gorpcore social aesthetic pointing toward natural materials + Swiss brand activity. Timing: 6–12 months. Action: Curated assortment with strong material storytelling,2026-06-19,csv,trends_raw/swiss_outdoor_trends.csv,process_trends.py
Agent Synthesis,CH,Quiet Outdoors Aesthetic,Quiet Outdoors Aesthetic (post-gorpcore),web,Technical Lifestyle Outerwear & Footwear,,,,,0.45,low,Weak Signal. TikTok gorpcore death signal + Quiet Outdoors terminology emerging + celebrity adoption of muted technical gear. Timing: 12–18 months. Action: Pilot lifestyle merchandising — watch 6 months for confirmation,2026-06-19,csv,trends_raw/swiss_outdoor_trends.csv,process_trends.py
Agent Synthesis,CH,Packrafting,Packrafting,web,Packrafts / Paddles / Dry Bags,,,,,0.45,low,Weak Signal. Komoot activity data + YouTube trip content + water sports growth in OIA report — niche but no Swiss retailer owns it yet. Timing: 12–18 months. Action: 2–3 SKU pilot — first Swiss specialty retailer to own this category wins,2026-06-19,csv,trends_raw/swiss_outdoor_trends.csv,process_trends.py
transa.ch,CH,Via Ferrata Starter Kits,CH competitor / trade signal: Via Ferrata Starter Kits,competitor,,,,,https://www.transa.ch/de/p/salomon-gravel-skin-4-set-357211-002/,0.7,medium,Example alpine accessory listing; verify via ferrata kit bay separately,2026-06-19,web,https://www.transa.ch/de/p/salomon-gravel-skin-4-set-357211-002/,competitor_seed
transa.ch,CH,Skitour,CH competitor / trade signal: Skitour,competitor,,,,,https://www.transa.ch/de/b/skitour/,0.7,medium,Ski touring at Transa,2026-06-19,web,https://www.transa.ch/de/b/skitour/,competitor_seed
transa.ch,CH,Merino Wool & Natural Fibers,CH competitor / trade signal: Merino Wool & Natural Fibers,competitor,,,,,https://www.transa.ch/de/blog/nachhaltigkeit/pfas-faq/,0.7,medium,Transa sustainability / material positioning,2026-06-19,web,https://www.transa.ch/de/blog/nachhaltigkeit/pfas-faq/,competitor_seed
transa.ch,CH,running,CH competitor / trade signal: running,competitor,,,,,https://www.transa.ch/de/b/trailrunning/,0.7,medium,Transa trail running category,2026-06-19,web,https://www.transa.ch/de/b/trailrunning/,competitor_seed
swisspo,CH,running,CH competitor / trade signal: running,competitor,,,,,https://swisspo.ch/de/erfolgreicher-winter-und-chancen-im-sommer-sportartikel-branche-beweist-stabilitaet-und-anpassungsfaehigkeit/,0.7,medium,Swiss retailers expect hiking + running shoes this summer,2026-06-19,web,https://swisspo.ch/de/erfolgreicher-winter-und-chancen-im-sommer-sportartikel-branche-beweist-stabilitaet-und-anpassungsfaehigkeit/,competitor_seed
transa.ch,CH,bikepacking,CH competitor / trade signal: bikepacking,competitor,,,,,https://www.transa.ch/de/b/bikepacking/,0.7,medium,Transa bikepacking category,2026-06-19,web,https://www.transa.ch/de/b/bikepacking/,competitor_seed
transa.ch,CH,Klettersteig,CH competitor / trade signal: Klettersteig,competitor,,,,,https://www.transa.ch/de/b/klettersteig/,0.7,medium,Via ferrata / Klettersteig at Transa,2026-06-19,web,https://www.transa.ch/de/b/klettersteig/,competitor_seed
